,mean,std,min,max
Number of samples,30000.0,30000.0,30000.0,30000.0
Number of places,10.642866666666666,3.0282870486281332,5.0,15.0
Number of transitions,9.293066666666666,3.108372338629263,2.0,15.0
Number of reachable markings,37.15603333333333,18.390276967251534,4.0,50.0
Firing rates,5.512970243048581,2.863545861741492,1.0,10.0
Steady-state probabilities,0.026913529521001973,0.07627452492669858,0.0,1.0
Average tokens per place,0.7386926901324242,1.0316682393776713,0.0,10.0
Total average tokens,7.861807808720705,3.114177256666617,0.9999999999999999,32.99999999999999
